{
  "study": "gold_etf_partial_exit_unmet_branch",
  "config_count": 864,
  "best_config_name": "p0.70_thr0.010_win15_dd0.012_off2_unmet60",
  "best_total_return": 1.4163915530072444,
  "best_max_drawdown": -0.14271275123632388,
  "best_return_drawdown_ratio": 9.924772248709463,
  "best_cagr": 0.08933620567766898,
  "best_return_per_hold_day": 0.0006315409583684661
}