{
  "config_count": 3240,
  "best_config_name": "f0.50_s1_-0.03_1_0.00_t1_-0.05_1_0.35_h20_r3",
  "best_total_return": 1.0562144023006095,
  "best_max_drawdown": -0.10018389429514507
}