{
  "data_counts": {
    "gold_rows": 2592,
    "usd_rows": 2594,
    "oil_rows": 2594,
    "merged_rows": 2592,
    "mean_reversion_rows": 90
  },
  "candidate_rule": {
    "holding_days": 3,
    "sample_count": 14,
    "win_rate": 0.7142857142857143,
    "avg_return": 0.009850250374168732,
    "median_return": 0.011481000136203456,
    "avg_max_drawdown": -0.007517415039870872,
    "avg_max_runup": 0.016439954219291373,
    "return_per_day": 0.0032834167913895775,
    "annualized_equivalent": 1.278169897145796,
    "ret_5d_bucket": "ret5_moderate",
    "ma20_gap_bucket": "ma20_gap_moderate",
    "resonance_regime": "usd_up_oil_up",
    "failure_risk_share": 0.5
  },
  "top_rule_layers": [
    {
      "holding_days": 3,
      "sample_count": 1,
      "win_rate": 1.0,
      "avg_return": 0.06908816418876573,
      "median_return": 0.06908816418876573,
      "avg_max_drawdown": 0.004913089065870402,
      "avg_max_runup": 0.07308641873181387,
      "return_per_day": 0.023029388062921912,
      "annualized_equivalent": 272.61242050420685,
      "ret_5d_bucket": "ret5_extreme",
      "ma20_gap_bucket": "ma20_gap_moderate",
      "resonance_regime": "usd_down_oil_down",
      "failure_risk_share": 0.0
    },
    {
      "holding_days": 5,
      "sample_count": 1,
      "win_rate": 1.0,
      "avg_return": 0.08589435022056047,
      "median_return": 0.08589435022056047,
      "avg_max_drawdown": 0.004913089065870402,
      "avg_max_runup": 0.09612711228210213,
      "return_per_day": 0.017178870044112095,
      "annualized_equivalent": 62.634656916090954,
      "ret_5d_bucket": "ret5_extreme",
      "ma20_gap_bucket": "ma20_gap_moderate",
      "resonance_regime": "usd_down_oil_down",
      "failure_risk_share": 0.0
    },
    {
      "holding_days": 10,
      "sample_count": 1,
      "win_rate": 1.0,
      "avg_return": 0.1523057610419798,
      "median_return": 0.1523057610419798,
      "avg_max_drawdown": 0.004913089065870402,
      "avg_max_runup": 0.18103887777871996,
      "return_per_day": 0.01523057610419798,
      "annualized_equivalent": 34.604662722116956,
      "ret_5d_bucket": "ret5_extreme",
      "ma20_gap_bucket": "ma20_gap_moderate",
      "resonance_regime": "usd_down_oil_down",
      "failure_risk_share": 0.0
    },
    {
      "holding_days": 15,
      "sample_count": 1,
      "win_rate": 1.0,
      "avg_return": 0.1245213952901616,
      "median_return": 0.1245213952901616,
      "avg_max_drawdown": 0.004913089065870402,
      "avg_max_runup": 0.18103887777871996,
      "return_per_day": 0.00830142635267744,
      "annualized_equivalent": 6.182204106930282,
      "ret_5d_bucket": "ret5_extreme",
      "ma20_gap_bucket": "ma20_gap_moderate",
      "resonance_regime": "usd_down_oil_down",
      "failure_risk_share": 0.0
    },
    {
      "holding_days": 20,
      "sample_count": 1,
      "win_rate": 1.0,
      "avg_return": 0.15589734893214846,
      "median_return": 0.15589734893214846,
      "avg_max_drawdown": 0.004913089065870402,
      "avg_max_runup": 0.18103887777871996,
      "return_per_day": 0.007794867446607423,
      "annualized_equivalent": 5.205585628828132,
      "ret_5d_bucket": "ret5_extreme",
      "ma20_gap_bucket": "ma20_gap_moderate",
      "resonance_regime": "usd_down_oil_down",
      "failure_risk_share": 0.0
    },
    {
      "holding_days": 5,
      "sample_count": 2,
      "win_rate": 1.0,
      "avg_return": 0.02213958543009442,
      "median_return": 0.02213958543009442,
      "avg_max_drawdown": -0.004202219419313258,
      "avg_max_runup": 0.02484345488963946,
      "return_per_day": 0.004427917086018885,
      "annualized_equivalent": 2.0151885959871656,
      "ret_5d_bucket": "ret5_shallow",
      "ma20_gap_bucket": "ma20_gap_moderate",
      "resonance_regime": "usd_down_oil_down",
      "failure_risk_share": 0.0
    },
    {
      "holding_days": 10,
      "sample_count": 2,
      "win_rate": 1.0,
      "avg_return": 0.0382847860391381,
      "median_return": 0.0382847860391381,
      "avg_max_drawdown": -0.004202219419313258,
      "avg_max_runup": 0.03990731809017556,
      "return_per_day": 0.0038284786039138098,
      "annualized_equivalent": 1.577362806102947,
      "ret_5d_bucket": "ret5_shallow",
      "ma20_gap_bucket": "ma20_gap_moderate",
      "resonance_regime": "usd_down_oil_down",
      "failure_risk_share": 0.0
    },
    {
      "holding_days": 30,
      "sample_count": 1,
      "win_rate": 1.0,
      "avg_return": 0.11147629673595416,
      "median_return": 0.11147629673595416,
      "avg_max_drawdown": 0.004913089065870402,
      "avg_max_runup": 0.18103887777871996,
      "return_per_day": 0.0037158765578651385,
      "annualized_equivalent": 1.42975075287015,
      "ret_5d_bucket": "ret5_extreme",
      "ma20_gap_bucket": "ma20_gap_moderate",
      "resonance_regime": "usd_down_oil_down",
      "failure_risk_share": 0.0
    },
    {
      "holding_days": 15,
      "sample_count": 2,
      "win_rate": 1.0,
      "avg_return": 0.0371199486828927,
      "median_return": 0.0371199486828927,
      "avg_max_drawdown": -0.004202219419313258,
      "avg_max_runup": 0.04673179926793858,
      "return_per_day": 0.00247466324552618,
      "annualized_equivalent": 0.8447053024087119,
      "ret_5d_bucket": "ret5_shallow",
      "ma20_gap_bucket": "ma20_gap_moderate",
      "resonance_regime": "usd_down_oil_down",
      "failure_risk_share": 0.0
    },
    {
      "holding_days": 30,
      "sample_count": 2,
      "win_rate": 1.0,
      "avg_return": 0.06661943977380824,
      "median_return": 0.06661943977380824,
      "avg_max_drawdown": -0.004202219419313258,
      "avg_max_runup": 0.07760868046409275,
      "return_per_day": 0.0022206479924602746,
      "annualized_equivalent": 0.7190153526984695,
      "ret_5d_bucket": "ret5_shallow",
      "ma20_gap_bucket": "ma20_gap_moderate",
      "resonance_regime": "usd_down_oil_down",
      "failure_risk_share": 0.0
    }
  ]
}