{
  "best_policy": {
    "policy_name": "rule_baseline",
    "sample_count": 113,
    "years_covered": 6,
    "events_per_year": 18.833333333333332,
    "win_rate": 0.7433628318584071,
    "avg_return": 0.023046896873863253,
    "median_return": 0.0205042769358334,
    "avg_max_drawdown": -0.022984561849837312,
    "avg_max_runup": 0.04277211893912379,
    "positive_year_ratio": 1.0,
    "terminal_capital": 12132715.202417655,
    "total_return": 11.132715202417655,
    "max_drawdown": -0.16316681599619764,
    "cagr": 0.6145376108860376
  },
  "summary": [
    {
      "policy_name": "rule_baseline",
      "sample_count": 113,
      "years_covered": 6,
      "events_per_year": 18.833333333333332,
      "win_rate": 0.7433628318584071,
      "avg_return": 0.023046896873863253,
      "median_return": 0.0205042769358334,
      "avg_max_drawdown": -0.022984561849837312,
      "avg_max_runup": 0.04277211893912379,
      "positive_year_ratio": 1.0,
      "terminal_capital": 12132715.202417655,
      "total_return": 11.132715202417655,
      "max_drawdown": -0.16316681599619764,
      "cagr": 0.6145376108860376
    },
    {
      "policy_name": "top_70pct",
      "sample_count": 79,
      "years_covered": 6,
      "events_per_year": 13.166666666666666,
      "win_rate": 0.7848101265822784,
      "avg_return": 0.026441728597788802,
      "median_return": 0.0237306014662048,
      "avg_max_drawdown": -0.023056684831886047,
      "avg_max_runup": 0.04480746238141511,
      "positive_year_ratio": 1.0,
      "terminal_capital": 7450655.417595998,
      "total_return": 6.450655417595998,
      "max_drawdown": -0.14019399118888298,
      "cagr": 0.470291988352729
    },
    {
      "policy_name": "top_50pct",
      "sample_count": 56,
      "years_covered": 6,
      "events_per_year": 9.333333333333334,
      "win_rate": 0.7857142857142857,
      "avg_return": 0.029891604457246146,
      "median_return": 0.02757484499963595,
      "avg_max_drawdown": -0.02527688672554031,
      "avg_max_runup": 0.04640113971440422,
      "positive_year_ratio": 1.0,
      "terminal_capital": 4997852.724934574,
      "total_return": 3.9978527249345746,
      "max_drawdown": -0.10558791659410904,
      "cagr": 0.3708811844869617
    },
    {
      "policy_name": "top_30pct",
      "sample_count": 34,
      "years_covered": 5,
      "events_per_year": 6.8,
      "win_rate": 0.9117647058823529,
      "avg_return": 0.03975269144681377,
      "median_return": 0.03542921835981275,
      "avg_max_drawdown": -0.021560728231917577,
      "avg_max_runup": 0.052011794824139666,
      "positive_year_ratio": 1.0,
      "terminal_capital": 3698361.435307572,
      "total_return": 2.698361435307572,
      "max_drawdown": -0.03711755612376555,
      "cagr": 0.2924707962327262
    },
    {
      "policy_name": "top_20pct",
      "sample_count": 23,
      "years_covered": 5,
      "events_per_year": 4.6,
      "win_rate": 0.9565217391304348,
      "avg_return": 0.04427480857752999,
      "median_return": 0.0376334683343129,
      "avg_max_drawdown": -0.0214814337481229,
      "avg_max_runup": 0.05575494168668673,
      "positive_year_ratio": 1.0,
      "terminal_capital": 2683019.2952155913,
      "total_return": 1.6830192952155913,
      "max_drawdown": -0.00910718116651188,
      "cagr": 0.23729098792287306
    }
  ]
}