{
  "best_policy": {
    "policy_name": "drop_bottom_10pct",
    "sample_count": 102,
    "years_covered": 6,
    "events_per_year": 17.0,
    "win_rate": 0.7647058823529411,
    "avg_return": 0.024982464225934836,
    "median_return": 0.0207262378244227,
    "avg_max_drawdown": -0.023039334014336277,
    "avg_max_runup": 0.04405469687534233,
    "positive_year_ratio": 1.0,
    "terminal_capital": 11559853.451130945,
    "total_return": 10.559853451130945,
    "max_drawdown": -0.14019399118888298,
    "cagr": 0.5996186820867442
  },
  "summary": [
    {
      "policy_name": "rule_baseline",
      "sample_count": 113,
      "years_covered": 6,
      "events_per_year": 18.833333333333332,
      "win_rate": 0.7433628318584071,
      "avg_return": 0.023046896873863253,
      "median_return": 0.0205042769358334,
      "avg_max_drawdown": -0.022984561849837312,
      "avg_max_runup": 0.04277211893912379,
      "positive_year_ratio": 1.0,
      "terminal_capital": 12132715.202417655,
      "total_return": 11.132715202417655,
      "max_drawdown": -0.16316681599619764,
      "cagr": 0.6145376108860376
    },
    {
      "policy_name": "drop_bottom_10pct",
      "sample_count": 102,
      "years_covered": 6,
      "events_per_year": 17.0,
      "win_rate": 0.7647058823529411,
      "avg_return": 0.024982464225934836,
      "median_return": 0.0207262378244227,
      "avg_max_drawdown": -0.023039334014336277,
      "avg_max_runup": 0.04405469687534233,
      "positive_year_ratio": 1.0,
      "terminal_capital": 11559853.451130945,
      "total_return": 10.559853451130945,
      "max_drawdown": -0.14019399118888298,
      "cagr": 0.5996186820867442
    },
    {
      "policy_name": "drop_bottom_20pct",
      "sample_count": 90,
      "years_covered": 6,
      "events_per_year": 15.0,
      "win_rate": 0.7666666666666667,
      "avg_return": 0.026557931984366453,
      "median_return": 0.023136977033680402,
      "avg_max_drawdown": -0.02205106939249948,
      "avg_max_runup": 0.04633217381343456,
      "positive_year_ratio": 1.0,
      "terminal_capital": 9931726.050318806,
      "total_return": 8.931726050318806,
      "max_drawdown": -0.14019399118888287,
      "cagr": 0.5536841463240676
    },
    {
      "policy_name": "drop_bottom_30pct",
      "sample_count": 79,
      "years_covered": 6,
      "events_per_year": 13.166666666666666,
      "win_rate": 0.7848101265822784,
      "avg_return": 0.026441728597788802,
      "median_return": 0.0237306014662048,
      "avg_max_drawdown": -0.023056684831886047,
      "avg_max_runup": 0.04480746238141511,
      "positive_year_ratio": 1.0,
      "terminal_capital": 7450655.417595998,
      "total_return": 6.450655417595998,
      "max_drawdown": -0.14019399118888298,
      "cagr": 0.470291988352729
    }
  ]
}